,all_tree,double_tree,all_tree_trimmed,double_tree_trimmed
ArtsAndEntertainment,"['digitalcamera canoneos20d ttv 15fav oneaday freeassociation pictureaday 18200mmf3556gvr omot flickrelite pfogold k200d canonrebelxti lenstagged canon350d nikond70s canon30d 18105mm nik'
 'dolphin whale shark dive'
 'inner alameda button birch bald talking chaos muni mayor ten chips delivery date festive knife olive right fancy meet gathering press monday around sustainable'
 'nike division worldcup final victory practice'
 'snack vegetable lemon pepper vegetables']",[],"['digitalcamera canoneos20d ttv 15fav oneaday freeassociation pictureaday 18200mmf3556gvr omot flickrelite pfogold k200d canonrebelxti lenstagged canon350d nikond70s canon30d 18105mm nik'
 'dolphin whale shark dive'
 'inner alameda button birch bald talking chaos muni mayor ten chips delivery date festive knife olive right fancy meet gathering press monday around sustainable'
 'nike division worldcup final victory practice'
 'snack vegetable lemon pepper vegetables']",[]
CollegeAndUniversity,"['annarbor graduation eugene institute highschool cal' 'bateau'
 'dragonfly growing stem botanic orchid grow seed insects poppy']",[],"['annarbor graduation eugene institute highschool cal' 'bateau'
 'dragonfly growing stem botanic orchid grow seed insects poppy']",[]
Food,"['cuisine'
 'earthquake program mr forum mad only wonderland doctor starbucks target creation price exchange visual actor album midcentury demo machines 80s used online robot 1972 pencil characters movies ipad k marshall salon comic 70s facility marketing care arcade silent 1980s mail your'
 'eden scarborough niagara bbc gbr engagement stjohns 18200vr danish ticket pin photographic galaxy dewolf portuguese pirate trips gloucester daytrip mayo trap scotia crest fairy jamaica nelson ns chester studios newfoundland scenes bergen figures douglas aus qld'
 'lazio porte oldcity eos450d piemonte mallorca vacanze firenze piazza bretagne loneliness pierre andalusia veneto'
 'paysbas niedersachsen nordrheinwestfalen antwerp farbe polen duitsland noordholland eos7d schwarzweis stuttgart utrecht saxony beton nl weiss germania belgie'
 'torino homme cola brussel kiev reportage paulo frankrijk japon praha cologne et urbain euro lyon pb'
 'wetland refuge wetlands']",[],"['cuisine'
 'earthquake program mr forum mad only wonderland doctor starbucks target creation price exchange visual actor album midcentury demo machines 80s used online robot 1972 pencil characters movies ipad k marshall salon comic 70s facility marketing care arcade silent 1980s mail your'
 'eden scarborough niagara bbc gbr engagement stjohns 18200vr danish ticket pin photographic galaxy dewolf portuguese pirate trips gloucester daytrip mayo trap scotia crest fairy jamaica nelson ns chester studios newfoundland scenes bergen figures douglas aus qld'
 'lazio porte oldcity eos450d piemonte mallorca vacanze firenze piazza bretagne loneliness pierre andalusia veneto'
 'paysbas niedersachsen nordrheinwestfalen antwerp farbe polen duitsland noordholland eos7d schwarzweis stuttgart utrecht saxony beton nl weiss germania belgie'
 'torino homme cola brussel kiev reportage paulo frankrijk japon praha cologne et urbain euro lyon pb'
 'wetland refuge wetlands']",[]
NightlifeSpot,"['audience instrument musicians musical dancers bands fest venue livemusic'
 'gym donna gloves editorial frau fitness fille mode caucasian belly babe celebrity redhead heels'
 'southdakota 120film sx70 awning schild astoria route66 longbeach lensflare pinhole saskatchewan']",[],"['audience instrument musicians musical dancers bands fest venue livemusic'
 'gym donna gloves editorial frau fitness fille mode caucasian belly babe celebrity redhead heels'
 'southdakota 120film sx70 awning schild astoria route66 longbeach lensflare pinhole saskatchewan']",[]
ParksAndOutdoors,"['cloudscape solitary hazy minimalist fluffy intense sands sunrays footprints skyscape curved rolling away atmospheric pov dreamy lone'
 'dri ruine ddr uae slovakia massive hessen'
 'material draw champagne elegance graphics interiors archive cards chandelier'
 'nike division worldcup final victory practice' 'primavera flores verano']",[],"['cloudscape solitary hazy minimalist fluffy intense sands sunrays footprints skyscape curved rolling away atmospheric pov dreamy lone'
 'dri ruine ddr uae slovakia massive hessen'
 'material draw champagne elegance graphics interiors archive cards chandelier'
 'nike division worldcup final victory practice' 'primavera flores verano']",[]
ProfessionalAndOtherPlaces,"['f3556 1977 toned crowded harmony arctic digitalphotography evolt sticks lovers piece limited teal stratford cyan hang fx silk photoblog swedish treasure midnight split salmon dreams colored prints layer'
 'inlet'
 'jewish crete hellas vineyard ferien vakantie damp madeira lebanon normandy cyprus puertorico turkish'
 'nationalhistoriclandmark register revival jefferson independence pioneer civilwar'
 'streetlights commute headlights overpass']",[],"['f3556 1977 toned crowded harmony arctic digitalphotography evolt sticks lovers piece limited teal stratford cyan hang fx silk photoblog swedish treasure midnight split salmon dreams colored prints layer'
 'inlet'
 'jewish crete hellas vineyard ferien vakantie damp madeira lebanon normandy cyprus puertorico turkish'
 'nationalhistoriclandmark register revival jefferson independence pioneer civilwar'
 'streetlights commute headlights overpass']",[]
Residence,"['financialdistrict rooftops condos realestate roofs edifice financial'
 'laundry dwelling' 'sink sofa']",[],"['financialdistrict rooftops condos realestate roofs edifice financial'
 'laundry dwelling' 'sink sofa']",[]
ShopsAndService,"['audience instrument musicians musical dancers bands fest venue livemusic'
 'coconut crab tropics'
 'earthquake program mr forum mad only wonderland doctor starbucks target creation price exchange visual actor album midcentury demo machines 80s used online robot 1972 pencil characters movies ipad k marshall salon comic 70s facility marketing care arcade silent 1980s mail your'
 'f3556 1977 toned crowded harmony arctic digitalphotography evolt sticks lovers piece limited teal stratford cyan hang fx silk photoblog swedish treasure midnight split salmon dreams colored prints layer'
 'mannequin etsy crafts boutique bags jewelry necklace'
 'monk kualalumpur rajasthan sights bangalore ungarn kerala caves chine delhi bali mumbai']",[],"['audience instrument musicians musical dancers bands fest venue livemusic'
 'coconut crab tropics'
 'earthquake program mr forum mad only wonderland doctor starbucks target creation price exchange visual actor album midcentury demo machines 80s used online robot 1972 pencil characters movies ipad k marshall salon comic 70s facility marketing care arcade silent 1980s mail your'
 'f3556 1977 toned crowded harmony arctic digitalphotography evolt sticks lovers piece limited teal stratford cyan hang fx silk photoblog swedish treasure midnight split salmon dreams colored prints layer'
 'mannequin etsy crafts boutique bags jewelry necklace'
 'monk kualalumpur rajasthan sights bangalore ungarn kerala caves chine delhi bali mumbai']",[]
TravelAndTransport,"['donkey costarica tanzania maroc reisen andes guatemala ecuador afrika'
 'gull' 'snack vegetable lemon pepper vegetables'
 'streetlights commute headlights overpass'
 'striped dove feed wool peacock bat lamb greater meadows hunt creature pony']",[],"['donkey costarica tanzania maroc reisen andes guatemala ecuador afrika'
 'gull' 'snack vegetable lemon pepper vegetables'
 'streetlights commute headlights overpass'
 'striped dove feed wool peacock bat lamb greater meadows hunt creature pony']",[]
